Brand,Type,Image_URL
Spalding,Basketball,https://www.spalding.com/dw/image/v2/ABAH_PRD/on/demandware.static/-/Sites-masterCatalog_SPALDING/default/dw873b9f8a/images/hi-res/76898_FRONT SIDE.jpg?sw=338&sh=426&sm=cut&sfrm=jpg
Spalding,Basketball,https://www.spalding.com/dw/image/v2/ABAH_PRD/on/demandware.static/-/Sites-masterCatalog_SPALDING/default/dwd3498588/images/hi-res/76898_FRONT.jpg?sw=338&sh=426&sm=cut&sfrm=jpg
Spalding,Basketball,https://www.spalding.com/dw/image/v2/ABAH_PRD/on/demandware.static/-/Sites-masterCatalog_SPALDING/default/dwc951b8d6/images/hi-res/SPA0106__FRONT SIDE.jpg?sw=338&sh=426&sm=cut&sfrm=jpg
Spalding,Basketball,https://www.spalding.com/dw/image/v2/ABAH_PRD/on/demandware.static/-/Sites-masterCatalog_SPALDING/default/dwa7b38e25/images/hi-res/SPA0106__FRONT.jpg?sw=338&sh=426&sm=cut&sfrm=jpg
Spalding,Basketball,https://www.spalding.com/dw/image/v2/ABAH_PRD/on/demandware.static/-/Sites-masterCatalog_SPALDING/default/dw7d0cc0d2/images/hi-res/76977__FRONT_SIDE.jpg?sw=338&sh=426&sm=cut&sfrm=jpg
Spalding,Basketball,https://www.spalding.com/dw/image/v2/ABAH_PRD/on/demandware.static/-/Sites-masterCatalog_SPALDING/default/dwfbb90c6a/images/hi-res/76977__FRONT.jpg?sw=338&sh=426&sm=cut&sfrm=jpg
Spalding,Basketball,https://www.spalding.com/dw/image/v2/ABAH_PRD/on/demandware.static/-/Sites-masterCatalog_SPALDING/default/dw94f0e50e/images/hi-res/65152__FRONT_SIDE.jpg?sw=338&sh=426&sm=cut&sfrm=jpg
Spalding,Basketball,https://www.spalding.com/dw/image/v2/ABAH_PRD/on/demandware.static/-/Sites-masterCatalog_SPALDING/default/dw5f694a11/images/hi-res/65152__FRONT.jpg?sw=338&sh=426&sm=cut&sfrm=jpg
Spalding,Basketball,https://www.spalding.com/dw/image/v2/ABAH_PRD/on/demandware.static/-/Sites-masterCatalog_SPALDING/default/dw3b4dfbf5/images/hi-res/SPA0104__FRONT SIDE.jpg?sw=338&sh=426&sm=cut&sfrm=jpg
Spalding,Basketball,https://www.spalding.com/dw/image/v2/ABAH_PRD/on/demandware.static/-/Sites-masterCatalog_SPALDING/default/dwa4b0c47b/images/hi-res/SPA0104__FRONT.jpg?sw=338&sh=426&sm=cut&sfrm=jpg
Spalding,Basketball,https://www.spalding.com/dw/image/v2/ABAH_PRD/on/demandware.static/-/Sites-masterCatalog_SPALDING/default/dwca2d3b93/images/hi-res/84398__FRONT SIDE.jpg?sw=338&sh=426&sm=cut&sfrm=jpg
Spalding,Basketball,https://www.spalding.com/dw/image/v2/ABAH_PRD/on/demandware.static/-/Sites-masterCatalog_SPALDING/default/dw90b0c89d/images/hi-res/84398__FRONT.jpg?sw=338&sh=426&sm=cut&sfrm=jpg
Spalding,Basketball,https://www.spalding.com/dw/image/v2/ABAH_PRD/on/demandware.static/-/Sites-masterCatalog_SPALDING/default/dwf6912b14/images/hi-res/84397__FRONT_SIDE.jpg?sw=338&sh=426&sm=cut&sfrm=jpg
Spalding,Basketball,https://www.spalding.com/dw/image/v2/ABAH_PRD/on/demandware.static/-/Sites-masterCatalog_SPALDING/default/dw8decaff8/images/hi-res/84397__FRONT.jpg?sw=338&sh=426&sm=cut&sfrm=jpg
Spalding,Basketball,https://www.spalding.com/dw/image/v2/ABAH_PRD/on/demandware.static/-/Sites-masterCatalog_SPALDING/default/dwc1299b57/images/hi-res/76969__FRONT_SIDE.jpg?sw=338&sh=426&sm=cut&sfrm=jpg
Spalding,Basketball,https://www.spalding.com/dw/image/v2/ABAH_PRD/on/demandware.static/-/Sites-masterCatalog_SPALDING/default/dw161ddfbd/images/hi-res/76969__FRONT.jpg?sw=338&sh=426&sm=cut&sfrm=jpg
Spalding,Basketball,https://www.spalding.com/dw/image/v2/ABAH_PRD/on/demandware.static/-/Sites-masterCatalog_SPALDING/default/dw37aff5c7/images/hi-res/76973__FRONT_SIDE.jpg?sw=338&sh=426&sm=cut&sfrm=jpg
Spalding,Basketball,https://www.spalding.com/dw/image/v2/ABAH_PRD/on/demandware.static/-/Sites-masterCatalog_SPALDING/default/dwa82d64a0/images/hi-res/76973__FRONT.jpg?sw=338&sh=426&sm=cut&sfrm=jpg
Spalding,Basketball,https://www.spalding.com/dw/image/v2/ABAH_PRD/on/demandware.static/-/Sites-masterCatalog_SPALDING/default/dw9c4e2264/images/hi-res/76919__FRONT_SIDE.jpg?sw=338&sh=426&sm=cut&sfrm=jpg
Spalding,Basketball,https://www.spalding.com/dw/image/v2/ABAH_PRD/on/demandware.static/-/Sites-masterCatalog_SPALDING/default/dw60c4ffd4/images/hi-res/76919__FRONT.jpg?sw=338&sh=426&sm=cut&sfrm=jpg
Spalding,Basketball,https://www.spalding.com/dw/image/v2/ABAH_PRD/on/demandware.static/-/Sites-masterCatalog_SPALDING/default/dw552bee2b/images/hi-res/76971__FRONT_SIDE.jpg?sw=338&sh=426&sm=cut&sfrm=jpg
Spalding,Basketball,https://www.spalding.com/dw/image/v2/ABAH_PRD/on/demandware.static/-/Sites-masterCatalog_SPALDING/default/dwa1013826/images/hi-res/76971__FRONT.jpg?sw=338&sh=426&sm=cut&sfrm=jpg
Spalding,Basketball,https://www.spalding.com/dw/image/v2/ABAH_PRD/on/demandware.static/-/Sites-masterCatalog_SPALDING/default/dw7a14dafc/images/hi-res/SPA0283__FRONT SIDE.jpg?sw=338&sh=426&sm=cut&sfrm=jpg
Spalding,Basketball,https://www.spalding.com/dw/image/v2/ABAH_PRD/on/demandware.static/-/Sites-masterCatalog_SPALDING/default/dw90ad7b2c/images/hi-res/SP0283__FRONT.jpg?sw=338&sh=426&sm=cut&sfrm=jpg
Spalding,Basketball,https://www.spalding.com/dw/image/v2/ABAH_PRD/on/demandware.static/-/Sites-masterCatalog_SPALDING/default/dw5b3c0e56/images/hi-res/SPA0107__FRONT SIDE.jpg?sw=338&sh=426&sm=cut&sfrm=jpg
Spalding,Basketball,https://www.spalding.com/dw/image/v2/ABAH_PRD/on/demandware.static/-/Sites-masterCatalog_SPALDING/default/dw3e5e64b0/images/hi-res/SPA0107__FRONT.jpg?sw=338&sh=426&sm=cut&sfrm=jpg
Spalding,Basketball,https://www.spalding.com/dw/image/v2/ABAH_PRD/on/demandware.static/-/Sites-masterCatalog_SPALDING/default/dw3feeed73/images/hi-res/71161__FRONT SIDE.jpg?sw=338&sh=426&sm=cut&sfrm=jpg
Spalding,Basketball,https://www.spalding.com/dw/image/v2/ABAH_PRD/on/demandware.static/-/Sites-masterCatalog_SPALDING/default/dwb737b38b/images/hi-res/71161__FRONT.jpg?sw=338&sh=426&sm=cut&sfrm=jpg
Spalding,Basketball,https://www.spalding.com/dw/image/v2/ABAH_PRD/on/demandware.static/-/Sites-masterCatalog_SPALDING/default/dw4c298a84/images/hi-res/71144__FRONT SIDE.jpg?sw=338&sh=426&sm=cut&sfrm=jpg
Spalding,Basketball,https://www.spalding.com/dw/image/v2/ABAH_PRD/on/demandware.static/-/Sites-masterCatalog_SPALDING/default/dw0d74b531/images/hi-res/71144__FRONT.jpg?sw=338&sh=426&sm=cut&sfrm=jpg
Spalding,Basketball,https://www.spalding.com/dw/image/v2/ABAH_PRD/on/demandware.static/-/Sites-masterCatalog_SPALDING/default/dwf2b006f0/images/hi-res/76950__FRONT_SIDE.jpg?sw=338&sh=426&sm=cut&sfrm=jpg
Spalding,Basketball,https://www.spalding.com/dw/image/v2/ABAH_PRD/on/demandware.static/-/Sites-masterCatalog_SPALDING/default/dw10fb65ad/images/hi-res/76950__FRONT.jpg?sw=338&sh=426&sm=cut&sfrm=jpg
Spalding,Basketball,https://www.spalding.com/dw/image/v2/ABAH_PRD/on/demandware.static/-/Sites-masterCatalog_SPALDING/default/dw1b6821d9/images/hi-res/84438__FRONT_SIDE.jpg?sw=338&sh=426&sm=cut&sfrm=jpg
Spalding,Basketball,https://www.spalding.com/dw/image/v2/ABAH_PRD/on/demandware.static/-/Sites-masterCatalog_SPALDING/default/dw0cfb46cc/images/hi-res/84438__FRONT.jpg?sw=338&sh=426&sm=cut&sfrm=jpg
Spalding,Basketball,https://www.spalding.com/dw/image/v2/ABAH_PRD/on/demandware.static/-/Sites-masterCatalog_SPALDING/default/dw78d9f442/images/hi-res/84490__FRONT_SIDE__S.jpg?sw=338&sh=426&sm=cut&sfrm=jpg
Spalding,Basketball,https://www.spalding.com/dw/image/v2/ABAH_PRD/on/demandware.static/-/Sites-masterCatalog_SPALDING/default/dw16634342/images/hi-res/84490__FRONT__S.jpg?sw=338&sh=426&sm=cut&sfrm=jpg
Spalding,Basketball,https://www.spalding.com/dw/image/v2/ABAH_PRD/on/demandware.static/-/Sites-masterCatalog_SPALDING/default/dw954bdd5b/images/hi-res/76599E_Back.jpg?sw=338&sh=426&sm=cut&sfrm=jpeg
Spalding,Basketball,https://www.spalding.com/dw/image/v2/ABAH_PRD/on/demandware.static/-/Sites-masterCatalog_SPALDING/default/dwfc0d621f/images/hi-res/76599E_Front.jpg?sw=338&sh=426&sm=cut&sfrm=jpeg
Spalding,Basketball,https://www.spalding.com/dw/image/v2/ABAH_PRD/on/demandware.static/-/Sites-masterCatalog_SPALDING/default/dw2a0fc312/images/hi-res/76335E_Back.jpg?sw=338&sh=426&sm=cut&sfrm=jpeg
Spalding,Basketball,https://www.spalding.com/dw/image/v2/ABAH_PRD/on/demandware.static/-/Sites-masterCatalog_SPALDING/default/dw11bb23a9/images/hi-res/76335E_Front.jpg?sw=338&sh=426&sm=cut&sfrm=jpeg
Spalding,Basketball,https://www.spalding.com/dw/image/v2/ABAH_PRD/on/demandware.static/-/Sites-masterCatalog_SPALDING/default/dw294e9738/images/hi-res/84424__FRONT_SIDE.jpg?sw=338&sh=426&sm=cut&sfrm=jpg
Spalding,Basketball,https://www.spalding.com/dw/image/v2/ABAH_PRD/on/demandware.static/-/Sites-masterCatalog_SPALDING/default/dwf052d8a5/images/hi-res/84424__FRONT.jpg?sw=338&sh=426&sm=cut&sfrm=jpg
Spalding,Basketball,https://www.spalding.com/dw/image/v2/ABAH_PRD/on/demandware.static/-/Sites-masterCatalog_SPALDING/default/dwdf93476b/images/hi-res/84435__FRONT_SIDE.jpg?sw=338&sh=426&sm=cut&sfrm=jpg
Spalding,Basketball,https://www.spalding.com/dw/image/v2/ABAH_PRD/on/demandware.static/-/Sites-masterCatalog_SPALDING/default/dwf4fc9c0c/images/hi-res/84435__FRONT.jpg?sw=338&sh=426&sm=cut&sfrm=jpg
Spalding,Basketball,https://www.spalding.com/dw/image/v2/ABAH_PRD/on/demandware.static/-/Sites-masterCatalog_SPALDING/default/dw41ce20da/images/hi-res/84427__FRONT_SIDE.jpg?sw=338&sh=426&sm=cut&sfrm=jpg
Spalding,Basketball,https://www.spalding.com/dw/image/v2/ABAH_PRD/on/demandware.static/-/Sites-masterCatalog_SPALDING/default/dw115cdc56/images/hi-res/84427__FRONT.jpg?sw=338&sh=426&sm=cut&sfrm=jpg
Spalding,Basketball,https://www.spalding.com/dw/image/v2/ABAH_PRD/on/demandware.static/-/Sites-masterCatalog_SPALDING/default/dw128fe772/images/hi-res/76941__FRONT_SIDE.jpg?sw=338&sh=426&sm=cut&sfrm=jpg
Spalding,Basketball,https://www.spalding.com/dw/image/v2/ABAH_PRD/on/demandware.static/-/Sites-masterCatalog_SPALDING/default/dw4bff5b41/images/hi-res/76941__FRONT.jpg?sw=338&sh=426&sm=cut&sfrm=jpg
Spalding,Basketball,https://www.spalding.com/dw/image/v2/ABAH_PRD/on/demandware.static/-/Sites-masterCatalog_SPALDING/default/dw0942bdac/images/hi-res/77015E__FRONT_SIDE.jpg?sw=338&sh=426&sm=cut&sfrm=jpg
Spalding,Basketball,https://www.spalding.com/dw/image/v2/ABAH_PRD/on/demandware.static/-/Sites-masterCatalog_SPALDING/default/dwd1aedc60/images/hi-res/77015E__FRONT.jpg?sw=338&sh=426&sm=cut&sfrm=jpg
Spalding,Basketball,https://www.spalding.com/dw/image/v2/ABAH_PRD/on/demandware.static/-/Sites-masterCatalog_SPALDING/default/dwc7c75b41/images/hi-res/770148__FRONT_SIDE.jpg?sw=338&sh=426&sm=cut&sfrm=jpg
Spalding,Basketball,https://www.spalding.com/dw/image/v2/ABAH_PRD/on/demandware.static/-/Sites-masterCatalog_SPALDING/default/dw6d62df3d/images/hi-res/770148__FRONT.jpg?sw=338&sh=426&sm=cut&sfrm=jpg
Spalding,Basketball,https://www.spalding.com/dw/image/v2/ABAH_PRD/on/demandware.static/-/Sites-masterCatalog_SPALDING/default/dw93fe110a/images/hi-res/770118__FRONT_SIDE.jpg?sw=338&sh=426&sm=cut&sfrm=jpg
Spalding,Basketball,https://www.spalding.com/dw/image/v2/ABAH_PRD/on/demandware.static/-/Sites-masterCatalog_SPALDING/default/dw7da37eb1/images/hi-res/770118__FRONT.jpg?sw=338&sh=426&sm=cut&sfrm=jpg
Spalding,Basketball,https://www.spalding.com/dw/image/v2/ABAH_PRD/on/demandware.static/-/Sites-masterCatalog_SPALDING/default/dw1073c8f2/images/hi-res/84432__FRONT_SIDE.jpg?sw=338&sh=426&sm=cut&sfrm=jpg
Spalding,Basketball,https://www.spalding.com/dw/image/v2/ABAH_PRD/on/demandware.static/-/Sites-masterCatalog_SPALDING/default/dw8bc5f46d/images/hi-res/84432__FRONT.jpg?sw=338&sh=426&sm=cut&sfrm=jpg
Spalding,Basketball,https://www.spalding.com/dw/image/v2/ABAH_PRD/on/demandware.static/-/Sites-masterCatalog_SPALDING/default/dwfe0b20a1/images/hi-res/84428__FRONT_SIDE.jpg?sw=338&sh=426&sm=cut&sfrm=jpg
Spalding,Basketball,https://www.spalding.com/dw/image/v2/ABAH_PRD/on/demandware.static/-/Sites-masterCatalog_SPALDING/default/dwa5bd4050/images/hi-res/84428__FRONT.jpg?sw=338&sh=426&sm=cut&sfrm=jpg
Spalding,Basketball,https://www.spalding.com/dw/image/v2/ABAH_PRD/on/demandware.static/-/Sites-masterCatalog_SPALDING/default/dw5aa62dd8/images/hi-res/SPA0108__FRONT SIDE.jpg?sw=338&sh=426&sm=cut&sfrm=jpg
Spalding,Basketball,https://www.spalding.com/dw/image/v2/ABAH_PRD/on/demandware.static/-/Sites-masterCatalog_SPALDING/default/dwfc3eab9b/images/hi-res/SPA0108__FRONT.jpg?sw=338&sh=426&sm=cut&sfrm=jpg
Spalding,Basketball,https://www.spalding.com/dw/image/v2/ABAH_PRD/on/demandware.static/-/Sites-masterCatalog_SPALDING/default/dw6731dd47/images/hi-res/76940__FRONT_SIDE.jpg?sw=338&sh=426&sm=cut&sfrm=jpg
Spalding,Basketball,https://www.spalding.com/dw/image/v2/ABAH_PRD/on/demandware.static/-/Sites-masterCatalog_SPALDING/default/dwac994d52/images/hi-res/76940__FRONT.jpg?sw=338&sh=426&sm=cut&sfrm=jpg
Spalding,Basketball,https://www.spalding.com/dw/image/v2/ABAH_PRD/on/demandware.static/-/Sites-masterCatalog_SPALDING/default/dwfdcca65c/images/hi-res/76942__FRONT_SIDE.jpg?sw=338&sh=426&sm=cut&sfrm=jpg
Spalding,Basketball,https://www.spalding.com/dw/image/v2/ABAH_PRD/on/demandware.static/-/Sites-masterCatalog_SPALDING/default/dw542b4b6e/images/hi-res/76942__FRONT.jpg?sw=338&sh=426&sm=cut&sfrm=jpg
Victeam,Basketball,https://www.victeamsports.com/wp-content/uploads/2021/02/Two-colors-Microfiber-basketball-ball-500x500.jpg
Victeam,Basketball,https://www.victeamsports.com/wp-content/uploads/2021/01/Moisture-PU-Basketball-500x500.jpg
Victeam,Basketball,https://www.victeamsports.com/wp-content/uploads/2020/12/Japanese-Microfiber-Basketball-Ball-500x500.jpg
Victeam,Basketball,https://www.victeamsports.com/wp-content/uploads/2020/12/Moisture-Absorbing-Basketball-Ball-PU-500x500.jpg
Victeam,Basketball,https://www.victeamsports.com/wp-content/uploads/2020/10/Moisture-absorbing-sticky-Basketballs-2-500x500.jpg
Victeam,Basketball,https://www.victeamsports.com/wp-content/uploads/2020/10/Bright-Color-Basketball-Ball-500x500.jpg
Victeam,Basketball,https://www.victeamsports.com/wp-content/uploads/2019/05/Colorful-Ball-Basketball-1-500x500.jpg
Victeam,Basketball,https://www.victeamsports.com/wp-content/uploads/2020/10/IMG_0629-500x500.jpg
Victeam,Basketball,https://www.victeamsports.com/wp-content/uploads/2019/05/Various-Size-Basketball-Ball-1-500x500.jpg
Victeam,Basketball,https://www.victeamsports.com/wp-content/uploads/2019/05/Moisture-Absorbing-Ball-Basketball-500x500.jpg
Victeam,Basketball,https://www.victeamsports.com/wp-content/uploads/2019/05/Superior-Quality-Basketball-1-500x500.jpg
Victeam,Basketball,https://www.victeamsports.com/wp-content/uploads/2019/05/Basketball-Ball-Size-5-6-7-1-500x500.jpg
Victeam,Basketball,https://www.victeamsports.com/wp-content/uploads/2019/05/Game-Level-Professional-Basketballs-2-500x500.jpg
Victeam,Basketball,https://www.victeamsports.com/wp-content/uploads/2019/05/Unique-Size-7-6-5-Basketballs-1-500x500.jpg
Victeam,Basketball,https://www.victeamsports.com/wp-content/uploads/2020/11/glowing-rainbow-light-basketball-balls-500x500.jpg
Victeam,Basketball,https://www.victeamsports.com/wp-content/uploads/2020/11/Reflective-Glow-Basketball-Ball-500x500.jpg
Victeam,Basketball,https://www.victeamsports.com/wp-content/uploads/2020/11/Personalized-Rubber-Basketball-Ball-500x500.jpg
Victeam,Basketball,https://www.victeamsports.com/wp-content/uploads/2020/11/Soft-50-Sponge-Rubber-Basketball-500x500.jpg
Victeam,Basketball,https://www.victeamsports.com/wp-content/uploads/2020/10/Training-Basketball-Ball-500x500.jpg
Victeam,Basketball,https://www.victeamsports.com/wp-content/uploads/2020/11/Size-5-6-7-Rubber-Basketball-500x500.jpg
Victeam,Basketball,https://www.victeamsports.com/wp-content/uploads/2020/11/Different-Size-Rubber-Basketball-Ball-500x500.jpg
Victeam,Basketball,https://www.victeamsports.com/wp-content/uploads/2020/11/Natural-Rubber-Basketball-500x500.jpg
Victeam,Basketball,https://www.victeamsports.com/wp-content/uploads/2020/11/Custom-Promotional-Rubber-Basketball2-500x500.jpg
Victeam,Basketball,https://www.victeamsports.com/wp-content/uploads/2020/11/2-500x500.jpg
Victeam,Basketball,https://www.victeamsports.com/wp-content/uploads/2020/11/IMG_5831-500x500.jpg
Victeam,Basketball,https://www.victeamsports.com/wp-content/uploads/2019/05/Youth-basketball-ball-size-5-500x500.jpg
Victeam,Basketball,https://www.victeamsports.com/wp-content/uploads/2019/05/wholesale-rubber-mini-basketball-500x500.jpg
Victeam,Basketball,https://www.victeamsports.com/wp-content/uploads/2019/05/Oem-Basketball-1-500x500.jpg
Victeam,Basketball,https://www.victeamsports.com/wp-content/uploads/2019/05/Official-Size-Weight-Basketball-1-500x500.jpg
Victeam,Basketball,https://www.victeamsports.com/wp-content/uploads/2019/05/Weighted-Basketballs-1-500x500.jpg
Victeam,Basketball,https://www.victeamsports.com/wp-content/uploads/2019/05/Unique-Basketball-Ball-1-500x500.jpg
Victeam,Basketball,https://www.victeamsports.com/wp-content/uploads/2019/10/Orange-PU-basketball-500x500.jpg
Victeam,Basketball,https://www.victeamsports.com/wp-content/uploads/2019/05/Customize-Your-Own-Ball-Basketball-1-500x500.jpg
Victeam,Basketball,https://www.victeamsports.com/wp-content/uploads/2019/05/Custom-Logo-3v3-Basketballs-1-500x500.jpg
Victeam,Basketball,https://www.victeamsports.com/wp-content/uploads/2019/05/PVC-Sponge-Basketball-1-500x500.jpg
Victeam,Basketball,https://www.victeamsports.com/wp-content/uploads/2019/05/Soft-Rubber-Basketball-1-500x500.jpg
Victeam,Soccer,https://www.victeamsports.com/wp-content/uploads/2021/02/FIFA-PRO-Quality-Soccer-Ball-Football-2-500x500.jpg
Victeam,Soccer,https://www.victeamsports.com/wp-content/uploads/2021/02/New-Design-Soccer-Football-1-500x500.jpg
Victeam,Soccer,https://www.victeamsports.com/wp-content/uploads/2020/10/Unmatched-soccer-ball-for-top-game-3-500x500.jpg
Victeam,Soccer,https://www.victeamsports.com/wp-content/uploads/2020/10/Best-sales-soccer-balls-500x500.jpg
Victeam,Soccer,https://www.victeamsports.com/wp-content/uploads/2020/10/medium-quality-soccer-ball-500x500.jpg
Victeam,Soccer,https://www.victeamsports.com/wp-content/uploads/2020/10/soccer-ball-logo-printing-1-500x500.jpg
Victeam,Soccer,https://www.victeamsports.com/wp-content/uploads/2020/10/club-training-Soccer-ball-500x500.jpg
Victeam,Soccer,https://www.victeamsports.com/wp-content/uploads/2020/10/Polyurethane-Football-500x500.jpg
Victeam,Soccer,https://www.victeamsports.com/wp-content/uploads/2020/10/PU-Texture-Soccer-football-for-training-500x500.jpg
Victeam,Soccer,https://www.victeamsports.com/wp-content/uploads/2020/10/Synthetic-Leather-Football-ODM-500x500.jpg
Victeam,Soccer,https://www.victeamsports.com/wp-content/uploads/2020/10/No-Stitch-Laminated-Soccer-Ball-500x500.jpg
Victeam,Soccer,https://www.victeamsports.com/wp-content/uploads/2020/06/Different-Layout-Soccer-Ball-1-500x500.jpg
Victeam,Soccer,https://www.victeamsports.com/wp-content/uploads/2020/06/20-panels-soccer-ball-wholesale-1-500x500.jpg
Victeam,Soccer,https://www.victeamsports.com/wp-content/uploads/2020/06/football-ball-size-5-professional-500x500.jpg
Victeam,Soccer,https://www.victeamsports.com/wp-content/uploads/2020/06/vibrant-soccer-football-500x500.jpg
Victeam,Soccer,https://www.victeamsports.com/wp-content/uploads/2020/06/Unique-soccer-football-500x500.jpg
Victeam,Soccer,https://www.victeamsports.com/wp-content/uploads/2020/06/Top-Game-quality-Soccer-Ball-1-500x500.jpg
Victeam,Soccer,https://www.victeamsports.com/wp-content/uploads/2020/05/PVC-leather-material-football-500x500.jpg
Victeam,Soccer,https://www.victeamsports.com/wp-content/uploads/2020/05/merchandising-soccer-balls-white-500x500.jpg
Victeam,Soccer,https://www.victeamsports.com/wp-content/uploads/2021/01/Old-Fashion-Soccer-Football-for-gift-500x500.jpg
Victeam,Soccer,https://www.victeamsports.com/wp-content/uploads/2021/01/Scuff-Resistant-PVC-Soccer-Balls-500x500.jpg
Victeam,Soccer,https://www.victeamsports.com/wp-content/uploads/2021/01/Yellow-PVC-Soccer-Football-500x500.jpg
Victeam,Soccer,https://www.victeamsports.com/wp-content/uploads/2020/05/Soft-touch-PVC-Soccer-Ball-500x500.jpg
Victeam,Soccer,https://www.victeamsports.com/wp-content/uploads/2020/05/3.5mm-PVC-Sponge-Soccer-Ball-500x500.jpg
Victeam,Soccer,https://www.victeamsports.com/wp-content/uploads/2020/05/18-Panels-retro-soccer-ball-500x500.jpg
Victeam,Soccer,https://www.victeamsports.com/wp-content/uploads/2020/05/Soccer-Football-Professional-Real-Match-500x500.jpg
Victeam,Soccer,https://www.victeamsports.com/wp-content/uploads/2020/05/Official-Size-And-Weight-Soccer-Balls-500x500.jpg
Victeam,Soccer,https://www.victeamsports.com/wp-content/uploads/2020/04/Wholesale-Cheap-Promotional-Flag-Football-500x500.jpg
Victeam,Soccer,https://www.victeamsports.com/wp-content/uploads/2020/04/Design-Your-Own-Football-500x500.jpg
Victeam,Soccer,https://www.victeamsports.com/wp-content/uploads/2020/04/Football-Factory-Products-500x500.jpg
Victeam,Soccer,https://www.victeamsports.com/wp-content/uploads/2020/04/Best-soccer-ball-size-5-1-500x500.jpg
Victeam,Soccer,https://www.victeamsports.com/wp-content/uploads/2020/04/Polyurethane-Ball-Soccer-500x500.jpg
Victeam,Soccer,https://www.victeamsports.com/wp-content/uploads/2020/04/Golf-Surface-Match-Soccer-Ball-500x500.jpg
Victeam,Soccer,https://www.victeamsports.com/wp-content/uploads/2020/04/Various-Size-Soccer-Ball-500x500.jpg
Victeam,Soccer,https://www.victeamsports.com/wp-content/uploads/2020/04/Soccer-Ball-Professional-Match-500x500.jpg
Victeam,Soccer,https://www.victeamsports.com/wp-content/uploads/2020/04/Deflated-Soccer-Ball-for-Club-500x500.jpg
Victeam,Soccer,https://www.victeamsports.com/wp-content/uploads/2020/04/Professional-Soccer-Football-500x500.jpg
Victeam,Soccer,https://www.victeamsports.com/wp-content/uploads/2020/03/Barcelona-Club-Soccer-Ball-500x500.jpg
Victeam,Soccer,https://www.victeamsports.com/wp-content/uploads/2020/03/unique-professional-soccer-ball-500x500.jpg
Victeam,Soccer,https://www.victeamsports.com/wp-content/uploads/2020/02/Juventus-Club-Soccer-Football-500x500.jpg
Victeam,Soccer,https://www.victeamsports.com/wp-content/uploads/2020/01/PVC-Laser-Soccer-Ball-500x500.jpg
Victeam,Soccer,https://www.victeamsports.com/wp-content/uploads/2019/08/handmade-soccer-balls-pakistan-1-500x500.jpg
Victeam,Soccer,https://www.victeamsports.com/wp-content/uploads/2019/06/Hybrid-Soccer-Ball-Supplier-1-500x500.jpg
Victeam,Soccer,https://www.victeamsports.com/wp-content/uploads/2019/06/Antique-Retro-Soccer-Ball-1-500x500.jpg
Victeam,Soccer,https://www.victeamsports.com/wp-content/uploads/2019/06/Hand-stitched-Soccer-Footballs-Manufacturers-1-500x500.jpg
Victeam,Soccer,https://www.victeamsports.com/wp-content/uploads/2019/05/Retro-Mini-Soccer-Footballs-1-500x500.jpg
Victeam,Soccer,https://www.victeamsports.com/wp-content/uploads/2019/05/New-Product-Low-Price-Eco-friendly-Recreation-Rubber-Football-for-Children-1-500x500.jpg
Victeam,Soccer,https://www.victeamsports.com/wp-content/uploads/2019/05/Kids-Toy-Rubber-Soccer-Football-1-500x500.jpg
Victeam,Soccer,https://www.victeamsports.com/wp-content/uploads/2019/04/Colorful-Rubber-Soccer-ball-1-500x500.jpg
Victeam,Soccer,https://www.victeamsports.com/wp-content/uploads/2019/04/Bulk-Rubber-Soccer-Ball-1-500x500.jpg
Victeam,Soccer,https://www.victeamsports.com/wp-content/uploads/2019/04/Street-Soccer-Footballs-1-500x500.jpg
Victeam,Soccer,https://www.victeamsports.com/wp-content/uploads/2019/04/Mini-Soccer-Ball-Size-3-2-1-1-500x500.jpg
Victeam,Soccer,https://www.victeamsports.com/wp-content/uploads/2019/04/Size-3-2-1-Soccer-Balls-1-500x500.jpg
Victeam,Soccer,https://www.victeamsports.com/wp-content/uploads/2019/04/Childrens-Game-Soccer-Footballs-1-500x500.jpg
Victeam,Soccer,https://www.victeamsports.com/wp-content/uploads/2019/04/Kids-Football-Ball-1-500x500.jpg
Victeam,Soccer,https://www.victeamsports.com/wp-content/uploads/2019/04/Kids-Soccer-Football-Ball-1-500x500.jpg
Victeam,Soccer,https://www.victeamsports.com/wp-content/uploads/2019/04/Miniatures-Soft-Soccer-Ball-Toy-1-500x500.jpg
Victeam,Soccer,https://www.victeamsports.com/wp-content/uploads/2019/04/18-Panels-Football-Ball-1-500x500.jpg
Victeam,Soccer,https://www.victeamsports.com/wp-content/uploads/2019/04/machine-stitched-retro-football-500x500.jpg
Victeam,Soccer,https://www.victeamsports.com/wp-content/uploads/2019/04/Blank-White-Football-Ball-1-500x500.jpg
Victeam,Soccer,https://www.victeamsports.com/wp-content/uploads/2019/04/Machine-Sewing-Club-Futbol-1-500x500.jpg
Victeam,Soccer,https://www.victeamsports.com/wp-content/uploads/2019/04/Soccer-Football-In-Bulk-1-500x500.jpg
Victeam,Soccer,https://www.victeamsports.com/wp-content/uploads/2019/04/Yellow-Machine-Sewing-Soccer-Ball-500x500.jpg
Victeam,Soccer,https://www.victeamsports.com/wp-content/uploads/2019/04/Mikasa-Soccer-Ball-1-500x500.jpg
Victeam,Soccer,https://www.victeamsports.com/wp-content/uploads/2019/04/Mikasa-Football-500x500.jpg
Victeam,Soccer,https://www.victeamsports.com/wp-content/uploads/2019/04/PVC-Glued-Training-Soccer-Football-2-500x500.jpg
Victeam,Soccer,https://www.victeamsports.com/wp-content/uploads/2019/03/Custom-Hybrid-Football-Wholesale-500x500.jpg
Victeam,Soccer,https://www.victeamsports.com/wp-content/uploads/2019/03/Micro-Machine-Stitched-Soccer-footballs-500x500.jpg
Victeam,Soccer,https://www.victeamsports.com/wp-content/uploads/2019/03/18-Panels-Soccer-Footballs-500x500.jpg
Victeam,Soccer,https://www.victeamsports.com/wp-content/uploads/2019/03/TPU-Leather-Hand-sewing-Soccer-ball-500x500.jpg
Victeam,Soccer,https://www.victeamsports.com/wp-content/uploads/2019/01/Customize-Your-Own-Soccer-Footballs-500x500.jpg
